Start (ns),Duration (ns),Name,Result,CorrID,Pid,Tid,T-Pri,Thread Name
303481302,4739,cuModuleGetLoadingMode,0,1,4984,4984,20,kmeans_cuda
314112975,1169918891,cudaMallocHost,0,118,4984,4984,20,kmeans_cuda
1484034533,1124414,cudaMallocHost,0,119,4984,4984,20,kmeans_cuda
2388073027,239791,cudaMallocHost,0,120,4984,4984,20,kmeans_cuda
2388313794,141345,cudaMallocHost,0,121,4984,4984,20,kmeans_cuda
2388485941,153430,cudaMalloc,0,122,4984,4984,20,kmeans_cuda
2388639982,80102,cudaMalloc,0,123,4984,4984,20,kmeans_cuda
2388720429,5634,cudaMalloc,0,124,4984,4984,20,kmeans_cuda
2388726367,66363,cudaMalloc,0,125,4984,4984,20,kmeans_cuda
2388793051,66972,cudaMalloc,0,126,4984,4984,20,kmeans_cuda
2388860344,4616,cudaMalloc,0,127,4984,4984,20,kmeans_cuda
2388865168,3109,cudaMalloc,0,128,4984,4984,20,kmeans_cuda
2388868560,3162,cudaMalloc,0,129,4984,4984,20,kmeans_cuda
2388871912,2808,cudaMalloc,0,130,4984,4984,20,kmeans_cuda
2388875011,62191,cudaMalloc,0,131,4984,4984,20,kmeans_cuda
2388946269,1574572,cudaMemcpy,0,132,4984,4984,20,kmeans_cuda
2390522646,1477321,cudaMemcpy,0,133,4984,4984,20,kmeans_cuda
2392001187,29025,cudaMemcpy,0,134,4984,4984,20,kmeans_cuda
2392030442,23756,cudaMemcpy,0,135,4984,4984,20,kmeans_cuda
2392062650,483675,cudaLaunchKernel,0,136,4984,4984,20,kmeans_cuda
2392547956,59215,cudaLaunchKernel,0,137,4984,4984,20,kmeans_cuda
2392608305,50337,cudaLaunchKernel,0,138,4984,4984,20,kmeans_cuda
2392659510,52082,cudaLaunchKernel,0,139,4984,4984,20,kmeans_cuda
2392712385,51450,cudaLaunchKernel,0,140,4984,4984,20,kmeans_cuda
2392764432,11236,cudaLaunchKernel,0,141,4984,4984,20,kmeans_cuda
2392776297,11794,cudaLaunchKernel,0,142,4984,4984,20,kmeans_cuda
2392788782,10725,cudaLaunchKernel,0,143,4984,4984,20,kmeans_cuda
2392800003,10905,cudaLaunchKernel,0,144,4984,4984,20,kmeans_cuda
2392811392,10852,cudaLaunchKernel,0,145,4984,4984,20,kmeans_cuda
2392822681,12489,cudaLaunchKernel,0,146,4984,4984,20,kmeans_cuda
2392835694,10366,cudaLaunchKernel,0,147,4984,4984,20,kmeans_cuda
2392846516,11104,cudaLaunchKernel,0,148,4984,4984,20,kmeans_cuda
2392858138,10859,cudaLaunchKernel,0,149,4984,4984,20,kmeans_cuda
2392869450,10838,cudaLaunchKernel,0,150,4984,4984,20,kmeans_cuda
2392880720,10682,cudaLaunchKernel,0,151,4984,4984,20,kmeans_cuda
2392891830,10752,cudaLaunchKernel,0,152,4984,4984,20,kmeans_cuda
2392903042,10920,cudaLaunchKernel,0,153,4984,4984,20,kmeans_cuda
2392914433,10940,cudaLaunchKernel,0,154,4984,4984,20,kmeans_cuda
2392925814,10816,cudaLaunchKernel,0,155,4984,4984,20,kmeans_cuda
2392937051,10908,cudaLaunchKernel,0,156,4984,4984,20,kmeans_cuda
2392948410,12246,cudaLaunchKernel,0,157,4984,4984,20,kmeans_cuda
2392961135,10644,cudaLaunchKernel,0,158,4984,4984,20,kmeans_cuda
2392972248,10743,cudaLaunchKernel,0,159,4984,4984,20,kmeans_cuda
2392983472,12874,cudaLaunchKernel,0,160,4984,4984,20,kmeans_cuda
2392996834,10494,cudaLaunchKernel,0,161,4984,4984,20,kmeans_cuda
2393007781,11172,cudaLaunchKernel,0,162,4984,4984,20,kmeans_cuda
2393019387,10968,cudaLaunchKernel,0,163,4984,4984,20,kmeans_cuda
2393030825,11158,cudaLaunchKernel,0,164,4984,4984,20,kmeans_cuda
2393042447,10680,cudaLaunchKernel,0,165,4984,4984,20,kmeans_cuda
2393053540,10690,cudaLaunchKernel,0,166,4984,4984,20,kmeans_cuda
2393064648,12550,cudaLaunchKernel,0,167,4984,4984,20,kmeans_cuda
2393077661,10561,cudaLaunchKernel,0,168,4984,4984,20,kmeans_cuda
2393088728,11175,cudaLaunchKernel,0,169,4984,4984,20,kmeans_cuda
2393100480,10654,cudaLaunchKernel,0,170,4984,4984,20,kmeans_cuda
2393111540,10939,cudaLaunchKernel,0,171,4984,4984,20,kmeans_cuda
2393122890,10972,cudaLaunchKernel,0,172,4984,4984,20,kmeans_cuda
2393134307,10764,cudaLaunchKernel,0,173,4984,4984,20,kmeans_cuda
2393145522,11297,cudaLaunchKernel,0,174,4984,4984,20,kmeans_cuda
2393157355,10717,cudaLaunchKernel,0,175,4984,4984,20,kmeans_cuda
2393168486,10906,cudaLaunchKernel,0,176,4984,4984,20,kmeans_cuda
2393179821,10904,cudaLaunchKernel,0,177,4984,4984,20,kmeans_cuda
2393191115,12383,cudaLaunchKernel,0,178,4984,4984,20,kmeans_cuda
2393204002,11643,cudaLaunchKernel,0,179,4984,4984,20,kmeans_cuda
2393216086,17568,cudaLaunchKernel,0,180,4984,4984,20,kmeans_cuda
2393234106,15523,cudaLaunchKernel,0,181,4984,4984,20,kmeans_cuda
2393250068,13496,cudaLaunchKernel,0,182,4984,4984,20,kmeans_cuda
2393263976,18118,cudaLaunchKernel,0,183,4984,4984,20,kmeans_cuda
2393282563,12344,cudaLaunchKernel,0,184,4984,4984,20,kmeans_cuda
2393295348,11809,cudaLaunchKernel,0,185,4984,4984,20,kmeans_cuda
2393307598,11946,cudaLaunchKernel,0,186,4984,4984,20,kmeans_cuda
2393319984,12228,cudaLaunchKernel,0,187,4984,4984,20,kmeans_cuda
2393332638,12187,cudaLaunchKernel,0,188,4984,4984,20,kmeans_cuda
2393345300,13774,cudaLaunchKernel,0,189,4984,4984,20,kmeans_cuda
2393359583,11086,cudaLaunchKernel,0,190,4984,4984,20,kmeans_cuda
2393371185,12211,cudaLaunchKernel,0,191,4984,4984,20,kmeans_cuda
2393383819,12845,cudaLaunchKernel,0,192,4984,4984,20,kmeans_cuda
2393397158,11841,cudaLaunchKernel,0,193,4984,4984,20,kmeans_cuda
2393409547,12160,cudaLaunchKernel,0,194,4984,4984,20,kmeans_cuda
2393422163,12121,cudaLaunchKernel,0,195,4984,4984,20,kmeans_cuda
2393434739,11771,cudaLaunchKernel,0,196,4984,4984,20,kmeans_cuda
2393446917,12361,cudaLaunchKernel,0,197,4984,4984,20,kmeans_cuda
2393459717,11815,cudaLaunchKernel,0,198,4984,4984,20,kmeans_cuda
2393472079,13689,cudaLaunchKernel,0,199,4984,4984,20,kmeans_cuda
2393486295,11380,cudaLaunchKernel,0,200,4984,4984,20,kmeans_cuda
2393498087,11868,cudaLaunchKernel,0,201,4984,4984,20,kmeans_cuda
2393510391,12389,cudaLaunchKernel,0,202,4984,4984,20,kmeans_cuda
2393523222,12318,cudaLaunchKernel,0,203,4984,4984,20,kmeans_cuda
2393535980,12271,cudaLaunchKernel,0,204,4984,4984,20,kmeans_cuda
2393548671,11534,cudaLaunchKernel,0,205,4984,4984,20,kmeans_cuda
2393560627,11673,cudaLaunchKernel,0,206,4984,4984,20,kmeans_cuda
2393572759,11680,cudaLaunchKernel,0,207,4984,4984,20,kmeans_cuda
2393585170,11375,cudaLaunchKernel,0,208,4984,4984,20,kmeans_cuda
2393597038,11512,cudaLaunchKernel,0,209,4984,4984,20,kmeans_cuda
2393609001,12605,cudaLaunchKernel,0,210,4984,4984,20,kmeans_cuda
2393622078,11501,cudaLaunchKernel,0,211,4984,4984,20,kmeans_cuda
2393633974,11828,cudaLaunchKernel,0,212,4984,4984,20,kmeans_cuda
2393646216,11809,cudaLaunchKernel,0,213,4984,4984,20,kmeans_cuda
2393658506,11849,cudaLaunchKernel,0,214,4984,4984,20,kmeans_cuda
2393670801,11334,cudaLaunchKernel,0,215,4984,4984,20,kmeans_cuda
2393682627,11675,cudaLaunchKernel,0,216,4984,4984,20,kmeans_cuda
2393694694,11591,cudaLaunchKernel,0,217,4984,4984,20,kmeans_cuda
2393706708,11805,cudaLaunchKernel,0,218,4984,4984,20,kmeans_cuda
2393718946,11608,cudaLaunchKernel,0,219,4984,4984,20,kmeans_cuda
2393730964,11652,cudaLaunchKernel,0,220,4984,4984,20,kmeans_cuda
2393743061,14084,cudaLaunchKernel,0,221,4984,4984,20,kmeans_cuda
2393757649,11708,cudaLaunchKernel,0,222,4984,4984,20,kmeans_cuda
2393769779,11566,cudaLaunchKernel,0,223,4984,4984,20,kmeans_cuda
2393781787,12104,cudaLaunchKernel,0,224,4984,4984,20,kmeans_cuda
2393794340,11637,cudaLaunchKernel,0,225,4984,4984,20,kmeans_cuda
2393806391,11968,cudaLaunchKernel,0,226,4984,4984,20,kmeans_cuda
2393818771,11447,cudaLaunchKernel,0,227,4984,4984,20,kmeans_cuda
2393830624,11475,cudaLaunchKernel,0,228,4984,4984,20,kmeans_cuda
2393842594,11821,cudaLaunchKernel,0,229,4984,4984,20,kmeans_cuda
2393854850,11436,cudaLaunchKernel,0,230,4984,4984,20,kmeans_cuda
2393866706,12123,cudaLaunchKernel,0,231,4984,4984,20,kmeans_cuda
2393879314,11806,cudaLaunchKernel,0,232,4984,4984,20,kmeans_cuda
2393891569,12878,cudaLaunchKernel,0,233,4984,4984,20,kmeans_cuda
2393904945,12835,cudaLaunchKernel,0,234,4984,4984,20,kmeans_cuda
2393918213,14117,cudaLaunchKernel,0,235,4984,4984,20,kmeans_cuda
2393932772,11609,cudaLaunchKernel,0,236,4984,4984,20,kmeans_cuda
2393944790,10182,cudaLaunchKernel,0,237,4984,4984,20,kmeans_cuda
2393955401,10424,cudaLaunchKernel,0,238,4984,4984,20,kmeans_cuda
2393966280,10832,cudaLaunchKernel,0,239,4984,4984,20,kmeans_cuda
2393977556,10197,cudaLaunchKernel,0,240,4984,4984,20,kmeans_cuda
2393988187,12347,cudaLaunchKernel,0,241,4984,4984,20,kmeans_cuda
2394001030,12258,cudaLaunchKernel,0,242,4984,4984,20,kmeans_cuda
2394013785,10375,cudaLaunchKernel,0,243,4984,4984,20,kmeans_cuda
2394024655,10612,cudaLaunchKernel,0,244,4984,4984,20,kmeans_cuda
2394035707,10444,cudaLaunchKernel,0,245,4984,4984,20,kmeans_cuda
2394046583,10042,cudaLaunchKernel,0,246,4984,4984,20,kmeans_cuda
2394057032,9987,cudaLaunchKernel,0,247,4984,4984,20,kmeans_cuda
2394067464,10436,cudaLaunchKernel,0,248,4984,4984,20,kmeans_cuda
2394078341,11290,cudaLaunchKernel,0,249,4984,4984,20,kmeans_cuda
2394090044,11002,cudaLaunchKernel,0,250,4984,4984,20,kmeans_cuda
2394101494,9887,cudaLaunchKernel,0,251,4984,4984,20,kmeans_cuda
2394111809,10085,cudaLaunchKernel,0,252,4984,4984,20,kmeans_cuda
2394122343,12595,cudaLaunchKernel,0,253,4984,4984,20,kmeans_cuda
2394135450,10742,cudaLaunchKernel,0,254,4984,4984,20,kmeans_cuda
2394146618,9970,cudaLaunchKernel,0,255,4984,4984,20,kmeans_cuda
2394157024,10067,cudaLaunchKernel,0,256,4984,4984,20,kmeans_cuda
2394167498,10620,cudaLaunchKernel,0,257,4984,4984,20,kmeans_cuda
2394178568,10179,cudaLaunchKernel,0,258,4984,4984,20,kmeans_cuda
2394189223,11001,cudaLaunchKernel,0,259,4984,4984,20,kmeans_cuda
2394200685,10393,cudaLaunchKernel,0,260,4984,4984,20,kmeans_cuda
2394211514,10125,cudaLaunchKernel,0,261,4984,4984,20,kmeans_cuda
2394222044,10618,cudaLaunchKernel,0,262,4984,4984,20,kmeans_cuda
2394233095,12317,cudaLaunchKernel,0,263,4984,4984,20,kmeans_cuda
2394245949,24630,cudaLaunchKernel,0,264,4984,4984,20,kmeans_cuda
2394271101,10642,cudaLaunchKernel,0,265,4984,4984,20,kmeans_cuda
2394282195,10404,cudaLaunchKernel,0,266,4984,4984,20,kmeans_cuda
2394293037,10547,cudaLaunchKernel,0,267,4984,4984,20,kmeans_cuda
2394304027,10800,cudaLaunchKernel,0,268,4984,4984,20,kmeans_cuda
2394315299,11071,cudaLaunchKernel,0,269,4984,4984,20,kmeans_cuda
2394326882,10723,cudaLaunchKernel,0,270,4984,4984,20,kmeans_cuda
2394338132,10604,cudaLaunchKernel,0,271,4984,4984,20,kmeans_cuda
2394349381,10140,cudaLaunchKernel,0,272,4984,4984,20,kmeans_cuda
2394359953,9968,cudaLaunchKernel,0,273,4984,4984,20,kmeans_cuda
2394370406,13674,cudaLaunchKernel,0,274,4984,4984,20,kmeans_cuda
2394384696,10636,cudaLaunchKernel,0,275,4984,4984,20,kmeans_cuda
2394395891,10673,cudaLaunchKernel,0,276,4984,4984,20,kmeans_cuda
2394406966,10530,cudaLaunchKernel,0,277,4984,4984,20,kmeans_cuda
2394417902,42813,cudaLaunchKernel,0,278,4984,4984,20,kmeans_cuda
2394462027,14446,cudaLaunchKernel,0,279,4984,4984,20,kmeans_cuda
2394477033,10369,cudaLaunchKernel,0,280,4984,4984,20,kmeans_cuda
2394487875,10326,cudaLaunchKernel,0,281,4984,4984,20,kmeans_cuda
2394498640,29069,cudaLaunchKernel,0,282,4984,4984,20,kmeans_cuda
2394528366,10595,cudaLaunchKernel,0,283,4984,4984,20,kmeans_cuda
2394539516,11053,cudaLaunchKernel,0,284,4984,4984,20,kmeans_cuda
2394551021,12632,cudaLaunchKernel,0,285,4984,4984,20,kmeans_cuda
2394564129,10139,cudaLaunchKernel,0,286,4984,4984,20,kmeans_cuda
2394574688,10909,cudaLaunchKernel,0,287,4984,4984,20,kmeans_cuda
2394586083,43066,cudaLaunchKernel,0,288,4984,4984,20,kmeans_cuda
2394629902,13593,cudaLaunchKernel,0,289,4984,4984,20,kmeans_cuda
2394643989,10153,cudaLaunchKernel,0,290,4984,4984,20,kmeans_cuda
2394654614,10454,cudaLaunchKernel,0,291,4984,4984,20,kmeans_cuda
2394665504,10263,cudaLaunchKernel,0,292,4984,4984,20,kmeans_cuda
2394676263,10331,cudaLaunchKernel,0,293,4984,4984,20,kmeans_cuda
2394687062,11006,cudaLaunchKernel,0,294,4984,4984,20,kmeans_cuda
2394698514,12889,cudaLaunchKernel,0,295,4984,4984,20,kmeans_cuda
2394711903,10304,cudaLaunchKernel,0,296,4984,4984,20,kmeans_cuda
2394722610,10127,cudaLaunchKernel,0,297,4984,4984,20,kmeans_cuda
2394733149,10097,cudaLaunchKernel,0,298,4984,4984,20,kmeans_cuda
2394743658,10817,cudaLaunchKernel,0,299,4984,4984,20,kmeans_cuda
2394754892,10152,cudaLaunchKernel,0,300,4984,4984,20,kmeans_cuda
2394765488,10339,cudaLaunchKernel,0,301,4984,4984,20,kmeans_cuda
2394776224,10215,cudaLaunchKernel,0,302,4984,4984,20,kmeans_cuda
2394786843,9898,cudaLaunchKernel,0,303,4984,4984,20,kmeans_cuda
2394797207,11358,cudaLaunchKernel,0,304,4984,4984,20,kmeans_cuda
2394808979,10076,cudaLaunchKernel,0,305,4984,4984,20,kmeans_cuda
2394819520,12499,cudaLaunchKernel,0,306,4984,4984,20,kmeans_cuda
2394832536,10324,cudaLaunchKernel,0,307,4984,4984,20,kmeans_cuda
2394843322,9987,cudaLaunchKernel,0,308,4984,4984,20,kmeans_cuda
2394853759,10995,cudaLaunchKernel,0,309,4984,4984,20,kmeans_cuda
2394865273,10251,cudaLaunchKernel,0,310,4984,4984,20,kmeans_cuda
2394875955,10541,cudaLaunchKernel,0,311,4984,4984,20,kmeans_cuda
2394886906,10080,cudaLaunchKernel,0,312,4984,4984,20,kmeans_cuda
2394897451,9971,cudaLaunchKernel,0,313,4984,4984,20,kmeans_cuda
2394907866,11332,cudaLaunchKernel,0,314,4984,4984,20,kmeans_cuda
2394919662,10159,cudaLaunchKernel,0,315,4984,4984,20,kmeans_cuda
2394930251,10619,cudaLaunchKernel,0,316,4984,4984,20,kmeans_cuda
2394941280,12663,cudaLaunchKernel,0,317,4984,4984,20,kmeans_cuda
2394954435,10286,cudaLaunchKernel,0,318,4984,4984,20,kmeans_cuda
2394965204,11259,cudaLaunchKernel,0,319,4984,4984,20,kmeans_cuda
2394976878,12826,cudaLaunchKernel,0,320,4984,4984,20,kmeans_cuda
2394990177,10885,cudaLaunchKernel,0,321,4984,4984,20,kmeans_cuda
2395001468,9880,cudaLaunchKernel,0,322,4984,4984,20,kmeans_cuda
2395011761,10225,cudaLaunchKernel,0,323,4984,4984,20,kmeans_cuda
2395022594,11171,cudaLaunchKernel,0,324,4984,4984,20,kmeans_cuda
2395034296,10922,cudaLaunchKernel,0,325,4984,4984,20,kmeans_cuda
2395045780,10535,cudaLaunchKernel,0,326,4984,4984,20,kmeans_cuda
2395056711,12219,cudaLaunchKernel,0,327,4984,4984,20,kmeans_cuda
2395069431,10509,cudaLaunchKernel,0,328,4984,4984,20,kmeans_cuda
2395080391,11312,cudaLaunchKernel,0,329,4984,4984,20,kmeans_cuda
2395092113,10256,cudaLaunchKernel,0,330,4984,4984,20,kmeans_cuda
2395102763,11261,cudaLaunchKernel,0,331,4984,4984,20,kmeans_cuda
2395114459,10289,cudaLaunchKernel,0,332,4984,4984,20,kmeans_cuda
2395125181,10768,cudaLaunchKernel,0,333,4984,4984,20,kmeans_cuda
2395136485,11216,cudaLaunchKernel,0,334,4984,4984,20,kmeans_cuda
2395148153,9989,cudaLaunchKernel,0,335,4984,4984,20,kmeans_cuda
2395158571,10483,cudaLaunchKernel,0,336,4984,4984,20,kmeans_cuda
2395169494,9942,cudaLaunchKernel,0,337,4984,4984,20,kmeans_cuda
2395179838,12778,cudaLaunchKernel,0,338,4984,4984,20,kmeans_cuda
2395193159,11196,cudaLaunchKernel,0,339,4984,4984,20,kmeans_cuda
2395204830,10870,cudaLaunchKernel,0,340,4984,4984,20,kmeans_cuda
2395216235,10927,cudaLaunchKernel,0,341,4984,4984,20,kmeans_cuda
2395227711,10222,cudaLaunchKernel,0,342,4984,4984,20,kmeans_cuda
2395238411,10601,cudaLaunchKernel,0,343,4984,4984,20,kmeans_cuda
2395249459,10783,cudaLaunchKernel,0,344,4984,4984,20,kmeans_cuda
2395260713,10708,cudaLaunchKernel,0,345,4984,4984,20,kmeans_cuda
2395271844,10459,cudaLaunchKernel,0,346,4984,4984,20,kmeans_cuda
2395282742,10046,cudaLaunchKernel,0,347,4984,4984,20,kmeans_cuda
2395293223,10664,cudaLaunchKernel,0,348,4984,4984,20,kmeans_cuda
2395304386,14387,cudaLaunchKernel,0,349,4984,4984,20,kmeans_cuda
2395319289,10968,cudaLaunchKernel,0,350,4984,4984,20,kmeans_cuda
2395330671,10377,cudaLaunchKernel,0,351,4984,4984,20,kmeans_cuda
2395341495,10063,cudaLaunchKernel,0,352,4984,4984,20,kmeans_cuda
2395352013,10819,cudaLaunchKernel,0,353,4984,4984,20,kmeans_cuda
2395363335,10707,cudaLaunchKernel,0,354,4984,4984,20,kmeans_cuda
2395374471,10617,cudaLaunchKernel,0,355,4984,4984,20,kmeans_cuda
2395385514,10594,cudaLaunchKernel,0,356,4984,4984,20,kmeans_cuda
2395396634,10651,cudaLaunchKernel,0,357,4984,4984,20,kmeans_cuda
2395407860,10878,cudaLaunchKernel,0,358,4984,4984,20,kmeans_cuda
2395419197,13142,cudaLaunchKernel,0,359,4984,4984,20,kmeans_cuda
2395432860,10890,cudaLaunchKernel,0,360,4984,4984,20,kmeans_cuda
2395444169,10312,cudaLaunchKernel,0,361,4984,4984,20,kmeans_cuda
2395454875,10193,cudaLaunchKernel,0,362,4984,4984,20,kmeans_cuda
2395465482,10096,cudaLaunchKernel,0,363,4984,4984,20,kmeans_cuda
2395476056,10802,cudaLaunchKernel,0,364,4984,4984,20,kmeans_cuda
2395487271,11060,cudaLaunchKernel,0,365,4984,4984,20,kmeans_cuda
2395498755,10169,cudaLaunchKernel,0,366,4984,4984,20,kmeans_cuda
2395509309,10226,cudaLaunchKernel,0,367,4984,4984,20,kmeans_cuda
2395519928,10227,cudaLaunchKernel,0,368,4984,4984,20,kmeans_cuda
2395530560,10768,cudaLaunchKernel,0,369,4984,4984,20,kmeans_cuda
2395541739,12996,cudaLaunchKernel,0,370,4984,4984,20,kmeans_cuda
2395555213,9876,cudaLaunchKernel,0,371,4984,4984,20,kmeans_cuda
2395565490,10304,cudaLaunchKernel,0,372,4984,4984,20,kmeans_cuda
2395576204,10183,cudaLaunchKernel,0,373,4984,4984,20,kmeans_cuda
2395586833,11125,cudaLaunchKernel,0,374,4984,4984,20,kmeans_cuda
2395598409,17657,cudaLaunchKernel,0,375,4984,4984,20,kmeans_cuda
2395616496,10096,cudaLaunchKernel,0,376,4984,4984,20,kmeans_cuda
2395626999,15841,cudaLaunchKernel,0,377,4984,4984,20,kmeans_cuda
2395643363,10388,cudaLaunchKernel,0,378,4984,4984,20,kmeans_cuda
2395654227,11186,cudaLaunchKernel,0,379,4984,4984,20,kmeans_cuda
2395665867,10256,cudaLaunchKernel,0,380,4984,4984,20,kmeans_cuda
2395676550,12424,cudaLaunchKernel,0,381,4984,4984,20,kmeans_cuda
2395689460,10482,cudaLaunchKernel,0,382,4984,4984,20,kmeans_cuda
2395700379,10220,cudaLaunchKernel,0,383,4984,4984,20,kmeans_cuda
2395711040,10790,cudaLaunchKernel,0,384,4984,4984,20,kmeans_cuda
2395722300,10382,cudaLaunchKernel,0,385,4984,4984,20,kmeans_cuda
2395733101,10135,cudaLaunchKernel,0,386,4984,4984,20,kmeans_cuda
2395743638,10575,cudaLaunchKernel,0,387,4984,4984,20,kmeans_cuda
2395754616,10124,cudaLaunchKernel,0,388,4984,4984,20,kmeans_cuda
2395765245,11199,cudaLaunchKernel,0,389,4984,4984,20,kmeans_cuda
2395776880,10135,cudaLaunchKernel,0,390,4984,4984,20,kmeans_cuda
2395787455,12522,cudaLaunchKernel,0,391,4984,4984,20,kmeans_cuda
2395800478,13459,cudaLaunchKernel,0,392,4984,4984,20,kmeans_cuda
2395814449,10527,cudaLaunchKernel,0,393,4984,4984,20,kmeans_cuda
2395825466,11473,cudaLaunchKernel,0,394,4984,4984,20,kmeans_cuda
2395837371,10139,cudaLaunchKernel,0,395,4984,4984,20,kmeans_cuda
2395847972,10471,cudaLaunchKernel,0,396,4984,4984,20,kmeans_cuda
2395858887,10611,cudaLaunchKernel,0,397,4984,4984,20,kmeans_cuda
2395869929,10125,cudaLaunchKernel,0,398,4984,4984,20,kmeans_cuda
2395880552,11455,cudaLaunchKernel,0,399,4984,4984,20,kmeans_cuda
2395892448,10302,cudaLaunchKernel,0,400,4984,4984,20,kmeans_cuda
2395903185,10865,cudaLaunchKernel,0,401,4984,4984,20,kmeans_cuda
2395914462,12391,cudaLaunchKernel,0,402,4984,4984,20,kmeans_cuda
2395927362,10237,cudaLaunchKernel,0,403,4984,4984,20,kmeans_cuda
2395938044,11239,cudaLaunchKernel,0,404,4984,4984,20,kmeans_cuda
2395949733,10268,cudaLaunchKernel,0,405,4984,4984,20,kmeans_cuda
2395960438,10339,cudaLaunchKernel,0,406,4984,4984,20,kmeans_cuda
2395971180,10422,cudaLaunchKernel,0,407,4984,4984,20,kmeans_cuda
2395982034,10399,cudaLaunchKernel,0,408,4984,4984,20,kmeans_cuda
2395992848,11799,cudaLaunchKernel,0,409,4984,4984,20,kmeans_cuda
2396005057,10303,cudaLaunchKernel,0,410,4984,4984,20,kmeans_cuda
2396015787,10286,cudaLaunchKernel,0,411,4984,4984,20,kmeans_cuda
2396026474,10362,cudaLaunchKernel,0,412,4984,4984,20,kmeans_cuda
2396037237,12148,cudaLaunchKernel,0,413,4984,4984,20,kmeans_cuda
2396049909,11648,cudaLaunchKernel,0,414,4984,4984,20,kmeans_cuda
2396062024,10358,cudaLaunchKernel,0,415,4984,4984,20,kmeans_cuda
2396072814,10327,cudaLaunchKernel,0,416,4984,4984,20,kmeans_cuda
2396083536,10510,cudaLaunchKernel,0,417,4984,4984,20,kmeans_cuda
2396094494,10065,cudaLaunchKernel,0,418,4984,4984,20,kmeans_cuda
2396104963,11025,cudaLaunchKernel,0,419,4984,4984,20,kmeans_cuda
2396116500,10122,cudaLaunchKernel,0,420,4984,4984,20,kmeans_cuda
2396127045,10908,cudaLaunchKernel,0,421,4984,4984,20,kmeans_cuda
2396138359,10350,cudaLaunchKernel,0,422,4984,4984,20,kmeans_cuda
2396149138,12564,cudaLaunchKernel,0,423,4984,4984,20,kmeans_cuda
2396162226,10636,cudaLaunchKernel,0,424,4984,4984,20,kmeans_cuda
2396173326,10456,cudaLaunchKernel,0,425,4984,4984,20,kmeans_cuda
2396184178,10184,cudaLaunchKernel,0,426,4984,4984,20,kmeans_cuda
2396194773,10031,cudaLaunchKernel,0,427,4984,4984,20,kmeans_cuda
2396205256,10363,cudaLaunchKernel,0,428,4984,4984,20,kmeans_cuda
2396216106,10574,cudaLaunchKernel,0,429,4984,4984,20,kmeans_cuda
2396227139,10371,cudaLaunchKernel,0,430,4984,4984,20,kmeans_cuda
2396237906,10751,cudaLaunchKernel,0,431,4984,4984,20,kmeans_cuda
2396249065,9868,cudaLaunchKernel,0,432,4984,4984,20,kmeans_cuda
2396259372,10409,cudaLaunchKernel,0,433,4984,4984,20,kmeans_cuda
2396270222,12885,cudaLaunchKernel,0,434,4984,4984,20,kmeans_cuda
2396283612,9926,cudaLaunchKernel,0,435,4984,4984,20,kmeans_cuda
2396293969,10961,cudaLaunchKernel,0,436,4984,4984,20,kmeans_cuda
2396305335,9906,cudaLaunchKernel,0,437,4984,4984,20,kmeans_cuda
2396315686,10312,cudaLaunchKernel,0,438,4984,4984,20,kmeans_cuda
2396326453,10820,cudaLaunchKernel,0,439,4984,4984,20,kmeans_cuda
2396337736,10300,cudaLaunchKernel,0,440,4984,4984,20,kmeans_cuda
2396348496,10129,cudaLaunchKernel,0,441,4984,4984,20,kmeans_cuda
2396359045,10006,cudaLaunchKernel,0,442,4984,4984,20,kmeans_cuda
2396369490,10731,cudaLaunchKernel,0,443,4984,4984,20,kmeans_cuda
2396380719,10631,cudaLaunchKernel,0,444,4984,4984,20,kmeans_cuda
2396391897,12342,cudaLaunchKernel,0,445,4984,4984,20,kmeans_cuda
2396404714,10115,cudaLaunchKernel,0,446,4984,4984,20,kmeans_cuda
2396415271,9857,cudaLaunchKernel,0,447,4984,4984,20,kmeans_cuda
2396425578,40904,cudaLaunchKernel,0,448,4984,4984,20,kmeans_cuda
2396467212,12051,cudaLaunchKernel,0,449,4984,4984,20,kmeans_cuda
2396479715,10698,cudaLaunchKernel,0,450,4984,4984,20,kmeans_cuda
2396490870,10255,cudaLaunchKernel,0,451,4984,4984,20,kmeans_cuda
2396501589,9913,cudaLaunchKernel,0,452,4984,4984,20,kmeans_cuda
2396511960,10713,cudaLaunchKernel,0,453,4984,4984,20,kmeans_cuda
2396523138,11006,cudaLaunchKernel,0,454,4984,4984,20,kmeans_cuda
2396534592,12474,cudaLaunchKernel,0,455,4984,4984,20,kmeans_cuda
2396547546,10166,cudaLaunchKernel,0,456,4984,4984,20,kmeans_cuda
2396558105,9971,cudaLaunchKernel,0,457,4984,4984,20,kmeans_cuda
2396568477,10423,cudaLaunchKernel,0,458,4984,4984,20,kmeans_cuda
2396579364,10602,cudaLaunchKernel,0,459,4984,4984,20,kmeans_cuda
2396590434,10694,cudaLaunchKernel,0,460,4984,4984,20,kmeans_cuda
2396601563,10205,cudaLaunchKernel,0,461,4984,4984,20,kmeans_cuda
2396612211,10003,cudaLaunchKernel,0,462,4984,4984,20,kmeans_cuda
2396622606,10322,cudaLaunchKernel,0,463,4984,4984,20,kmeans_cuda
2396633329,10949,cudaLaunchKernel,0,464,4984,4984,20,kmeans_cuda
2396644665,10806,cudaLaunchKernel,0,465,4984,4984,20,kmeans_cuda
2396655921,12265,cudaLaunchKernel,0,466,4984,4984,20,kmeans_cuda
2396668693,10395,cudaLaunchKernel,0,467,4984,4984,20,kmeans_cuda
2396679554,10168,cudaLaunchKernel,0,468,4984,4984,20,kmeans_cuda
2396690246,10701,cudaLaunchKernel,0,469,4984,4984,20,kmeans_cuda
2396701355,10222,cudaLaunchKernel,0,470,4984,4984,20,kmeans_cuda
2396712034,10074,cudaLaunchKernel,0,471,4984,4984,20,kmeans_cuda
2396722518,10330,cudaLaunchKernel,0,472,4984,4984,20,kmeans_cuda
2396733276,10411,cudaLaunchKernel,0,473,4984,4984,20,kmeans_cuda
2396744163,11282,cudaLaunchKernel,0,474,4984,4984,20,kmeans_cuda
2396755899,10523,cudaLaunchKernel,0,475,4984,4984,20,kmeans_cuda
2396766831,10144,cudaLaunchKernel,0,476,4984,4984,20,kmeans_cuda
2396777430,13892,cudaLaunchKernel,0,477,4984,4984,20,kmeans_cuda
2396791847,10004,cudaLaunchKernel,0,478,4984,4984,20,kmeans_cuda
2396802319,10774,cudaLaunchKernel,0,479,4984,4984,20,kmeans_cuda
2396813538,13111,cudaLaunchKernel,0,480,4984,4984,20,kmeans_cuda
2396827134,9986,cudaLaunchKernel,0,481,4984,4984,20,kmeans_cuda
2396837516,10319,cudaLaunchKernel,0,482,4984,4984,20,kmeans_cuda
2396848273,9903,cudaLaunchKernel,0,483,4984,4984,20,kmeans_cuda
2396858604,10995,cudaLaunchKernel,0,484,4984,4984,20,kmeans_cuda
2396870038,10583,cudaLaunchKernel,0,485,4984,4984,20,kmeans_cuda
2396881076,9957,cudaLaunchKernel,0,486,4984,4984,20,kmeans_cuda
2396891452,12409,cudaLaunchKernel,0,487,4984,4984,20,kmeans_cuda
2396904377,9969,cudaLaunchKernel,0,488,4984,4984,20,kmeans_cuda
2396914858,11043,cudaLaunchKernel,0,489,4984,4984,20,kmeans_cuda
2396926329,10709,cudaLaunchKernel,0,490,4984,4984,20,kmeans_cuda
2396937467,10616,cudaLaunchKernel,0,491,4984,4984,20,kmeans_cuda
2396948477,10713,cudaLaunchKernel,0,492,4984,4984,20,kmeans_cuda
2396959621,10132,cudaLaunchKernel,0,493,4984,4984,20,kmeans_cuda
2396970232,11086,cudaLaunchKernel,0,494,4984,4984,20,kmeans_cuda
2396981751,10268,cudaLaunchKernel,0,495,4984,4984,20,kmeans_cuda
2396992429,9860,cudaLaunchKernel,0,496,4984,4984,20,kmeans_cuda
2397002732,10630,cudaLaunchKernel,0,497,4984,4984,20,kmeans_cuda
2397013825,12428,cudaLaunchKernel,0,498,4984,4984,20,kmeans_cuda
2397026790,10901,cudaLaunchKernel,0,499,4984,4984,20,kmeans_cuda
2397038153,10043,cudaLaunchKernel,0,500,4984,4984,20,kmeans_cuda
2397048613,10078,cudaLaunchKernel,0,501,4984,4984,20,kmeans_cuda
2397059106,10494,cudaLaunchKernel,0,502,4984,4984,20,kmeans_cuda
2397070008,9934,cudaLaunchKernel,0,503,4984,4984,20,kmeans_cuda
2397080412,10943,cudaLaunchKernel,0,504,4984,4984,20,kmeans_cuda
2397091817,10398,cudaLaunchKernel,0,505,4984,4984,20,kmeans_cuda
2397102669,10221,cudaLaunchKernel,0,506,4984,4984,20,kmeans_cuda
2397113391,10188,cudaLaunchKernel,0,507,4984,4984,20,kmeans_cuda
2397123979,9986,cudaLaunchKernel,0,508,4984,4984,20,kmeans_cuda
2397134412,13396,cudaLaunchKernel,0,509,4984,4984,20,kmeans_cuda
2397148318,9903,cudaLaunchKernel,0,510,4984,4984,20,kmeans_cuda
2397158649,10293,cudaLaunchKernel,0,511,4984,4984,20,kmeans_cuda
2397169353,10287,cudaLaunchKernel,0,512,4984,4984,20,kmeans_cuda
2397180105,10193,cudaLaunchKernel,0,513,4984,4984,20,kmeans_cuda
2397190792,11133,cudaLaunchKernel,0,514,4984,4984,20,kmeans_cuda
2397202417,10194,cudaLaunchKernel,0,515,4984,4984,20,kmeans_cuda
2397213056,10119,cudaLaunchKernel,0,516,4984,4984,20,kmeans_cuda
2397223580,10271,cudaLaunchKernel,0,517,4984,4984,20,kmeans_cuda
2397234254,9912,cudaLaunchKernel,0,518,4984,4984,20,kmeans_cuda
2397244602,13650,cudaLaunchKernel,0,519,4984,4984,20,kmeans_cuda
2397258753,10158,cudaLaunchKernel,0,520,4984,4984,20,kmeans_cuda
2397269316,10425,cudaLaunchKernel,0,521,4984,4984,20,kmeans_cuda
2397280170,9992,cudaLaunchKernel,0,522,4984,4984,20,kmeans_cuda
2397290589,10218,cudaLaunchKernel,0,523,4984,4984,20,kmeans_cuda
2397301265,11463,cudaLaunchKernel,0,524,4984,4984,20,kmeans_cuda
2397313170,10677,cudaLaunchKernel,0,525,4984,4984,20,kmeans_cuda
2397324260,10756,cudaLaunchKernel,0,526,4984,4984,20,kmeans_cuda
2397335406,10423,cudaLaunchKernel,0,527,4984,4984,20,kmeans_cuda
2397346262,10045,cudaLaunchKernel,0,528,4984,4984,20,kmeans_cuda
2397356775,11129,cudaLaunchKernel,0,529,4984,4984,20,kmeans_cuda
2397368367,12765,cudaLaunchKernel,0,530,4984,4984,20,kmeans_cuda
2397381621,10772,cudaLaunchKernel,0,531,4984,4984,20,kmeans_cuda
2397392815,10181,cudaLaunchKernel,0,532,4984,4984,20,kmeans_cuda
2397403394,10720,cudaLaunchKernel,0,533,4984,4984,20,kmeans_cuda
2397414555,11043,cudaLaunchKernel,0,534,4984,4984,20,kmeans_cuda
2397426019,10305,cudaLaunchKernel,0,535,4984,4984,20,kmeans_cuda
2397436735,10672,cudaLaunchKernel,0,536,4984,4984,20,kmeans_cuda
2397447799,10000,cudaLaunchKernel,0,537,4984,4984,20,kmeans_cuda
2397458182,10638,cudaLaunchKernel,0,538,4984,4984,20,kmeans_cuda
2397469276,10757,cudaLaunchKernel,0,539,4984,4984,20,kmeans_cuda
2397480448,10419,cudaLaunchKernel,0,540,4984,4984,20,kmeans_cuda
2397491315,12845,cudaLaunchKernel,0,541,4984,4984,20,kmeans_cuda
2397504670,10038,cudaLaunchKernel,0,542,4984,4984,20,kmeans_cuda
2397515147,10613,cudaLaunchKernel,0,543,4984,4984,20,kmeans_cuda
2397526246,12765,cudaLaunchKernel,0,544,4984,4984,20,kmeans_cuda
2397539534,10246,cudaLaunchKernel,0,545,4984,4984,20,kmeans_cuda
2397550178,10281,cudaLaunchKernel,0,546,4984,4984,20,kmeans_cuda
2397560905,9876,cudaLaunchKernel,0,547,4984,4984,20,kmeans_cuda
2397571248,10486,cudaLaunchKernel,0,548,4984,4984,20,kmeans_cuda
2397582199,10954,cudaLaunchKernel,0,549,4984,4984,20,kmeans_cuda
2397593561,10383,cudaLaunchKernel,0,550,4984,4984,20,kmeans_cuda
2397604361,12397,cudaLaunchKernel,0,551,4984,4984,20,kmeans_cuda
2397617255,10231,cudaLaunchKernel,0,552,4984,4984,20,kmeans_cuda
2397627908,10492,cudaLaunchKernel,0,553,4984,4984,20,kmeans_cuda
2397638913,10939,cudaLaunchKernel,0,554,4984,4984,20,kmeans_cuda
2397650360,10071,cudaLaunchKernel,0,555,4984,4984,20,kmeans_cuda
2397660870,9916,cudaLaunchKernel,0,556,4984,4984,20,kmeans_cuda
2397671184,9838,cudaLaunchKernel,0,557,4984,4984,20,kmeans_cuda
2397681479,11017,cudaLaunchKernel,0,558,4984,4984,20,kmeans_cuda
2397693014,10437,cudaLaunchKernel,0,559,4984,4984,20,kmeans_cuda
2397703936,10440,cudaLaunchKernel,0,560,4984,4984,20,kmeans_cuda
2397714808,10098,cudaLaunchKernel,0,561,4984,4984,20,kmeans_cuda
2397725332,11887,cudaLaunchKernel,0,562,4984,4984,20,kmeans_cuda
2397737732,10738,cudaLaunchKernel,0,563,4984,4984,20,kmeans_cuda
2397748943,10753,cudaLaunchKernel,0,564,4984,4984,20,kmeans_cuda
2397760140,10564,cudaLaunchKernel,0,565,4984,4984,20,kmeans_cuda
2397771147,10221,cudaLaunchKernel,0,566,4984,4984,20,kmeans_cuda
2397781775,10224,cudaLaunchKernel,0,567,4984,4984,20,kmeans_cuda
2397792440,10718,cudaLaunchKernel,0,568,4984,4984,20,kmeans_cuda
2397803643,10818,cudaLaunchKernel,0,569,4984,4984,20,kmeans_cuda
2397814868,10728,cudaLaunchKernel,0,570,4984,4984,20,kmeans_cuda
2397825997,10046,cudaLaunchKernel,0,571,4984,4984,20,kmeans_cuda
2397836478,10482,cudaLaunchKernel,0,572,4984,4984,20,kmeans_cuda
2397847396,12466,cudaLaunchKernel,0,573,4984,4984,20,kmeans_cuda
2397860398,10722,cudaLaunchKernel,0,574,4984,4984,20,kmeans_cuda
2397871600,10282,cudaLaunchKernel,0,575,4984,4984,20,kmeans_cuda
2397882322,10104,cudaLaunchKernel,0,576,4984,4984,20,kmeans_cuda
2397892888,10141,cudaLaunchKernel,0,577,4984,4984,20,kmeans_cuda
2397903466,10006,cudaLaunchKernel,0,578,4984,4984,20,kmeans_cuda
2397913916,10844,cudaLaunchKernel,0,579,4984,4984,20,kmeans_cuda
2397925241,16538,cudaLaunchKernel,0,580,4984,4984,20,kmeans_cuda
2397942202,9932,cudaLaunchKernel,0,581,4984,4984,20,kmeans_cuda
2397952535,9930,cudaLaunchKernel,0,582,4984,4984,20,kmeans_cuda
2397962904,12538,cudaLaunchKernel,0,583,4984,4984,20,kmeans_cuda
2397975938,10844,cudaLaunchKernel,0,584,4984,4984,20,kmeans_cuda
2397987251,10758,cudaLaunchKernel,0,585,4984,4984,20,kmeans_cuda
2397998452,9911,cudaLaunchKernel,0,586,4984,4984,20,kmeans_cuda
2398008826,10301,cudaLaunchKernel,0,587,4984,4984,20,kmeans_cuda
2398019700,10137,cudaLaunchKernel,0,588,4984,4984,20,kmeans_cuda
2398030259,10739,cudaLaunchKernel,0,589,4984,4984,20,kmeans_cuda
2398041417,10316,cudaLaunchKernel,0,590,4984,4984,20,kmeans_cuda
2398052155,9832,cudaLaunchKernel,0,591,4984,4984,20,kmeans_cuda
2398062421,10124,cudaLaunchKernel,0,592,4984,4984,20,kmeans_cuda
2398072945,9972,cudaLaunchKernel,0,593,4984,4984,20,kmeans_cuda
2398083351,13119,cudaLaunchKernel,0,594,4984,4984,20,kmeans_cuda
2398096981,9933,cudaLaunchKernel,0,595,4984,4984,20,kmeans_cuda
2398107350,9996,cudaLaunchKernel,0,596,4984,4984,20,kmeans_cuda
2398117744,10095,cudaLaunchKernel,0,597,4984,4984,20,kmeans_cuda
2398128310,9845,cudaLaunchKernel,0,598,4984,4984,20,kmeans_cuda
2398138568,11140,cudaLaunchKernel,0,599,4984,4984,20,kmeans_cuda
2398150156,10044,cudaLaunchKernel,0,600,4984,4984,20,kmeans_cuda
2398160626,9985,cudaLaunchKernel,0,601,4984,4984,20,kmeans_cuda
2398171043,10240,cudaLaunchKernel,0,602,4984,4984,20,kmeans_cuda
2398181724,10208,cudaLaunchKernel,0,603,4984,4984,20,kmeans_cuda
2398192444,11112,cudaLaunchKernel,0,604,4984,4984,20,kmeans_cuda
2398204009,12731,cudaLaunchKernel,0,605,4984,4984,20,kmeans_cuda
2398217219,9881,cudaLaunchKernel,0,606,4984,4984,20,kmeans_cuda
2398227486,10548,cudaLaunchKernel,0,607,4984,4984,20,kmeans_cuda
2398238440,14259,cudaLaunchKernel,0,608,4984,4984,20,kmeans_cuda
2398253259,11535,cudaLaunchKernel,0,609,4984,4984,20,kmeans_cuda
2398265233,10182,cudaLaunchKernel,0,610,4984,4984,20,kmeans_cuda
2398275862,10184,cudaLaunchKernel,0,611,4984,4984,20,kmeans_cuda
2398286455,10238,cudaLaunchKernel,0,612,4984,4984,20,kmeans_cuda
2398297151,10125,cudaLaunchKernel,0,613,4984,4984,20,kmeans_cuda
2398307758,11181,cudaLaunchKernel,0,614,4984,4984,20,kmeans_cuda
2398319344,12613,cudaLaunchKernel,0,615,4984,4984,20,kmeans_cuda
2398332432,10308,cudaLaunchKernel,0,616,4984,4984,20,kmeans_cuda
2398343161,10136,cudaLaunchKernel,0,617,4984,4984,20,kmeans_cuda
2398353697,9898,cudaLaunchKernel,0,618,4984,4984,20,kmeans_cuda
2398364105,11108,cudaLaunchKernel,0,619,4984,4984,20,kmeans_cuda
2398375613,10073,cudaLaunchKernel,0,620,4984,4984,20,kmeans_cuda
2398386210,10161,cudaLaunchKernel,0,621,4984,4984,20,kmeans_cuda
2398396824,10304,cudaLaunchKernel,0,622,4984,4984,20,kmeans_cuda
2398407573,10090,cudaLaunchKernel,0,623,4984,4984,20,kmeans_cuda
2398418129,11372,cudaLaunchKernel,0,624,4984,4984,20,kmeans_cuda
2398429920,39638,cudaLaunchKernel,0,625,4984,4984,20,kmeans_cuda
2398470188,13901,cudaLaunchKernel,0,626,4984,4984,20,kmeans_cuda
2398484568,10282,cudaLaunchKernel,0,627,4984,4984,20,kmeans_cuda
2398495264,27233,cudaLaunchKernel,0,628,4984,4984,20,kmeans_cuda
2398523229,13100,cudaLaunchKernel,0,629,4984,4984,20,kmeans_cuda
2398536752,10377,cudaLaunchKernel,0,630,4984,4984,20,kmeans_cuda
2398547534,10136,cudaLaunchKernel,0,631,4984,4984,20,kmeans_cuda
2398558113,10109,cudaLaunchKernel,0,632,4984,4984,20,kmeans_cuda
2398568682,17425,cudaLaunchKernel,0,633,4984,4984,20,kmeans_cuda
2398586861,42243,cudaLaunchKernel,0,634,4984,4984,20,kmeans_cuda
2398629758,12772,cudaLaunchKernel,0,635,4984,4984,20,kmeans_cuda
2398643192,18259723376,cudaDeviceSynchronize,0,636,4984,4984,20,kmeans_cuda
20658495687,2899633,cudaMemcpy,0,637,4984,4984,20,kmeans_cuda
20661396862,38141,cudaMemcpy,0,638,4984,4984,20,kmeans_cuda
20661435301,23780,cudaMemcpy,0,639,4984,4984,20,kmeans_cuda
20661495807,317165,cudaFree,0,640,4984,4984,20,kmeans_cuda
20661813869,246788,cudaFree,0,641,4984,4984,20,kmeans_cuda
20662061263,18731,cudaFree,0,642,4984,4984,20,kmeans_cuda
20662080193,32569,cudaFree,0,643,4984,4984,20,kmeans_cuda
20662239916,212632,cudaFree,0,644,4984,4984,20,kmeans_cuda
20662452993,103620,cudaFree,0,645,4984,4984,20,kmeans_cuda
20662556895,6145,cudaFree,0,646,4984,4984,20,kmeans_cuda
20662563386,4521,cudaFree,0,647,4984,4984,20,kmeans_cuda
20662568106,146863,cudaFree,0,648,4984,4984,20,kmeans_cuda
20662715586,6976,cudaFree,0,649,4984,4984,20,kmeans_cuda
20662722893,4432,cudaFree,0,650,4984,4984,20,kmeans_cuda
20662727531,3897,cudaFree,0,651,4984,4984,20,kmeans_cuda
20662731774,110650,cudaFree,0,652,4984,4984,20,kmeans_cuda
20662842888,93038,cudaFree,0,653,4984,4984,20,kmeans_cuda
